approved_asset_id,asset_id,approved_variant,entity_type,entity_name,source_url,page_url,master_path,web_path,rights_status,approved_by,approved_utc,usage_scope,notes
appr_a954f58ba7b766,ast_a954f58ba7b766,primary_flag_v1,team,Australia W,https://flagcdn.com/w320/au.png,https://flagcdn.com/w320/au.png,data/assets/approved/appr_a954f58ba7b766.png,data/assets/approved/appr_a954f58ba7b766.png,auto_approved_by_hsd_aggressive_policy,HSD aggressive asset policy with v1.2 exact-entity and fallback guard,2026-06-09T00:54:20.154751+00:00,HSD social graphics,"Auto-approved only after exact-match, fallback, and entity-cleanup guard."
appr_dbd34b035cd6e1,ast_dbd34b035cd6e1,primary_flag_v1,team,Belgium W,https://flagcdn.com/w320/be.png,https://flagcdn.com/w320/be.png,data/assets/approved/appr_dbd34b035cd6e1.png,data/assets/approved/appr_dbd34b035cd6e1.png,auto_approved_by_hsd_aggressive_policy,HSD aggressive asset policy with v1.2 exact-entity and fallback guard,2026-06-09T00:54:20.154772+00:00,HSD social graphics,"Auto-approved only after exact-match, fallback, and entity-cleanup guard."
appr_a79adaf6457f0c,ast_a79adaf6457f0c,primary_flag_v1,team,Brazil U20 W,https://flagcdn.com/w320/br.png,https://flagcdn.com/w320/br.png,data/assets/approved/appr_a79adaf6457f0c.png,data/assets/approved/appr_a79adaf6457f0c.png,auto_approved_by_hsd_aggressive_policy,HSD aggressive asset policy with v1.2 exact-entity and fallback guard,2026-06-09T00:54:20.154776+00:00,HSD social graphics,"Auto-approved only after exact-match, fallback, and entity-cleanup guard."
appr_3b613e56ad6ec8,ast_3b613e56ad6ec8,primary_flag_v1,team,Brazil W,https://flagcdn.com/w320/br.png,https://flagcdn.com/w320/br.png,data/assets/approved/appr_3b613e56ad6ec8.png,data/assets/approved/appr_3b613e56ad6ec8.png,auto_approved_by_hsd_aggressive_policy,HSD aggressive asset policy with v1.2 exact-entity and fallback guard,2026-06-09T00:54:20.154779+00:00,HSD social graphics,"Auto-approved only after exact-match, fallback, and entity-cleanup guard."
appr_6849fd04b54eb4,ast_6849fd04b54eb4,primary_flag_v1,team,Bulgaria W,https://flagcdn.com/w320/bg.png,https://flagcdn.com/w320/bg.png,data/assets/approved/appr_6849fd04b54eb4.png,data/assets/approved/appr_6849fd04b54eb4.png,auto_approved_by_hsd_aggressive_policy,HSD aggressive asset policy with v1.2 exact-entity and fallback guard,2026-06-09T00:54:20.154783+00:00,HSD social graphics,"Auto-approved only after exact-match, fallback, and entity-cleanup guard."
appr_14a6cc66f75be0,ast_14a6cc66f75be0,primary_flag_v1,team,Canada W,https://flagcdn.com/w320/ca.png,https://flagcdn.com/w320/ca.png,data/assets/approved/appr_14a6cc66f75be0.png,data/assets/approved/appr_14a6cc66f75be0.png,auto_approved_by_hsd_aggressive_policy,HSD aggressive asset policy with v1.2 exact-entity and fallback guard,2026-06-09T00:54:20.154786+00:00,HSD social graphics,"Auto-approved only after exact-match, fallback, and entity-cleanup guard."
appr_885836e9869631,ast_885836e9869631,primary_flag_v1,team,China W,https://flagcdn.com/w320/cn.png,https://flagcdn.com/w320/cn.png,data/assets/approved/appr_885836e9869631.png,data/assets/approved/appr_885836e9869631.png,auto_approved_by_hsd_aggressive_policy,HSD aggressive asset policy with v1.2 exact-entity and fallback guard,2026-06-09T00:54:20.154789+00:00,HSD social graphics,"Auto-approved only after exact-match, fallback, and entity-cleanup guard."
appr_7ca8ac2b2a4ad9,ast_7ca8ac2b2a4ad9,primary_logo_v1,team,Dallas Wings,https://cdn.wnba.com/logos/wnba/1611661321/primary/D/logo.svg,https://cdn.wnba.com/logos/wnba/1611661321/primary/D/logo.svg,data/assets/approved/appr_7ca8ac2b2a4ad9.svg,data/assets/approved/appr_7ca8ac2b2a4ad9.svg,auto_approved_by_hsd_aggressive_policy,HSD aggressive asset policy with v1.2 exact-entity and fallback guard,2026-06-09T00:54:20.154799+00:00,HSD social graphics,"Auto-approved only after exact-match, fallback, and entity-cleanup guard."
appr_65747d24fe25ad,ast_65747d24fe25ad,primary_flag_v1,team,France W,https://flagcdn.com/w320/fr.png,https://flagcdn.com/w320/fr.png,data/assets/approved/appr_65747d24fe25ad.png,data/assets/approved/appr_65747d24fe25ad.png,auto_approved_by_hsd_aggressive_policy,HSD aggressive asset policy with v1.2 exact-entity and fallback guard,2026-06-09T00:54:20.154802+00:00,HSD social graphics,"Auto-approved only after exact-match, fallback, and entity-cleanup guard."
appr_df24e2082f811d,ast_df24e2082f811d,primary_logo_v1,team,Golden State Valkyries,https://cdn.wnba.com/logos/wnba/1611661331/primary/L/logo.svg,https://cdn.wnba.com/logos/wnba/1611661331/primary/L/logo.svg,data/assets/approved/appr_df24e2082f811d.svg,data/assets/approved/appr_df24e2082f811d.svg,auto_approved_by_hsd_aggressive_policy,HSD aggressive asset policy with v1.2 exact-entity and fallback guard,2026-06-09T00:54:20.154805+00:00,HSD social graphics,"Auto-approved only after exact-match, fallback, and entity-cleanup guard."
appr_2a96d8d56f4ac2,ast_2a96d8d56f4ac2,primary_flag_v1,team,Italy W,https://flagcdn.com/w320/it.png,https://flagcdn.com/w320/it.png,data/assets/approved/appr_2a96d8d56f4ac2.png,data/assets/approved/appr_2a96d8d56f4ac2.png,auto_approved_by_hsd_aggressive_policy,HSD aggressive asset policy with v1.2 exact-entity and fallback guard,2026-06-09T00:54:20.154808+00:00,HSD social graphics,"Auto-approved only after exact-match, fallback, and entity-cleanup guard."
appr_2bfc766277e6da,ast_2bfc766277e6da,primary_flag_v1,team,Japan W,https://flagcdn.com/w320/jp.png,https://flagcdn.com/w320/jp.png,data/assets/approved/appr_2bfc766277e6da.png,data/assets/approved/appr_2bfc766277e6da.png,auto_approved_by_hsd_aggressive_policy,HSD aggressive asset policy with v1.2 exact-entity and fallback guard,2026-06-09T00:54:20.154811+00:00,HSD social graphics,"Auto-approved only after exact-match, fallback, and entity-cleanup guard."
appr_67a033c94405f7,ast_67a033c94405f7,primary_flag_v1,team,Korea Republic U20 W,https://flagcdn.com/w320/kr.png,https://flagcdn.com/w320/kr.png,data/assets/approved/appr_67a033c94405f7.png,data/assets/approved/appr_67a033c94405f7.png,auto_approved_by_hsd_aggressive_policy,HSD aggressive asset policy with v1.2 exact-entity and fallback guard,2026-06-09T00:54:20.154814+00:00,HSD social graphics,"Auto-approved only after exact-match, fallback, and entity-cleanup guard."
appr_9c7fc211069805,ast_9c7fc211069805,primary_logo_v1,team,Las Vegas Aces,https://upload.wikimedia.org/wikipedia/commons/f/fb/Las_Vegas_Aces_logo.svg,https://upload.wikimedia.org/wikipedia/commons/f/fb/Las_Vegas_Aces_logo.svg,data/assets/approved/appr_9c7fc211069805.svg,data/assets/approved/appr_9c7fc211069805.svg,auto_approved_by_hsd_aggressive_policy,HSD aggressive asset policy with v1.2 exact-entity and fallback guard,2026-06-09T00:54:20.154817+00:00,HSD social graphics,"Auto-approved only after exact-match, fallback, and entity-cleanup guard."
appr_7eea0085424fe3,ast_7eea0085424fe3,primary_logo_v1,team,Los Angeles Sparks,https://upload.wikimedia.org/wikipedia/en/9/98/Los_Angeles_Sparks_logo.svg,https://upload.wikimedia.org/wikipedia/en/9/98/Los_Angeles_Sparks_logo.svg,,,auto_approved_by_hsd_aggressive_policy,HSD aggressive asset policy with v1.2 exact-entity and fallback guard,2026-06-09T00:54:20.154820+00:00,HSD social graphics,"Auto-approved only after exact-match, fallback, and entity-cleanup guard."
appr_34556a69591b47,ast_34556a69591b47,primary_flag_v1,team,Mexico W,https://flagcdn.com/w320/mx.png,https://flagcdn.com/w320/mx.png,data/assets/approved/appr_34556a69591b47.png,data/assets/approved/appr_34556a69591b47.png,auto_approved_by_hsd_aggressive_policy,HSD aggressive asset policy with v1.2 exact-entity and fallback guard,2026-06-09T00:54:20.154823+00:00,HSD social graphics,"Auto-approved only after exact-match, fallback, and entity-cleanup guard."
appr_047086213c7096,ast_047086213c7096,primary_logo_v1,team,Minnesota Lynx,https://upload.wikimedia.org/wikipedia/en/7/70/Minnesota_Lynx_logo.svg,https://upload.wikimedia.org/wikipedia/en/7/70/Minnesota_Lynx_logo.svg,,,auto_approved_by_hsd_aggressive_policy,HSD aggressive asset policy with v1.2 exact-entity and fallback guard,2026-06-09T00:54:20.154825+00:00,HSD social graphics,"Auto-approved only after exact-match, fallback, and entity-cleanup guard."
appr_9edeb1cdaa6f4c,ast_9edeb1cdaa6f4c,primary_logo_v1,team,Phoenix Mercury,https://cdn.wnba.com/logos/wnba/1611661330/primary/L/logo.svg,https://cdn.wnba.com/logos/wnba/1611661330/primary/L/logo.svg,data/assets/approved/appr_9edeb1cdaa6f4c.svg,data/assets/approved/appr_9edeb1cdaa6f4c.svg,auto_approved_by_hsd_aggressive_policy,HSD aggressive asset policy with v1.2 exact-entity and fallback guard,2026-06-09T00:54:20.154829+00:00,HSD social graphics,"Auto-approved only after exact-match, fallback, and entity-cleanup guard."
appr_01d68c2809f81f,ast_01d68c2809f81f,primary_logo_v1,team,Portland Fire,https://upload.wikimedia.org/wikipedia/en/0/09/Portland_Fire_logo.svg,https://upload.wikimedia.org/wikipedia/en/0/09/Portland_Fire_logo.svg,,,auto_approved_by_hsd_aggressive_policy,HSD aggressive asset policy with v1.2 exact-entity and fallback guard,2026-06-09T00:54:20.154832+00:00,HSD social graphics,"Auto-approved only after exact-match, fallback, and entity-cleanup guard."
appr_52d46724c00ec9,ast_52d46724c00ec9,primary_logo_v1,team,Seattle Storm,https://cdn.wnba.com/logos/wnba/1611661328/primary/D/logo.svg,https://cdn.wnba.com/logos/wnba/1611661328/primary/D/logo.svg,data/assets/approved/appr_52d46724c00ec9.svg,data/assets/approved/appr_52d46724c00ec9.svg,auto_approved_by_hsd_aggressive_policy,HSD aggressive asset policy with v1.2 exact-entity and fallback guard,2026-06-09T00:54:20.154835+00:00,HSD social graphics,"Auto-approved only after exact-match, fallback, and entity-cleanup guard."
appr_9426bf971998ee,ast_9426bf971998ee,primary_flag_v1,team,Serbia W,https://flagcdn.com/w320/rs.png,https://flagcdn.com/w320/rs.png,data/assets/approved/appr_9426bf971998ee.png,data/assets/approved/appr_9426bf971998ee.png,auto_approved_by_hsd_aggressive_policy,HSD aggressive asset policy with v1.2 exact-entity and fallback guard,2026-06-09T00:54:20.154838+00:00,HSD social graphics,"Auto-approved only after exact-match, fallback, and entity-cleanup guard."
appr_2d1d5b6b4b59b0,ast_2d1d5b6b4b59b0,primary_flag_v1,team,South Africa W,https://flagcdn.com/w320/za.png,https://flagcdn.com/w320/za.png,data/assets/approved/appr_2d1d5b6b4b59b0.png,data/assets/approved/appr_2d1d5b6b4b59b0.png,auto_approved_by_hsd_aggressive_policy,HSD aggressive asset policy with v1.2 exact-entity and fallback guard,2026-06-09T00:54:20.154840+00:00,HSD social graphics,"Auto-approved only after exact-match, fallback, and entity-cleanup guard."
appr_526f2acaa1d24e,ast_526f2acaa1d24e,primary_flag_v1,team,Thailand W,https://flagcdn.com/w320/th.png,https://flagcdn.com/w320/th.png,data/assets/approved/appr_526f2acaa1d24e.png,data/assets/approved/appr_526f2acaa1d24e.png,auto_approved_by_hsd_aggressive_policy,HSD aggressive asset policy with v1.2 exact-entity and fallback guard,2026-06-09T00:54:20.154843+00:00,HSD social graphics,"Auto-approved only after exact-match, fallback, and entity-cleanup guard."
appr_dd35c3cb61c372,ast_dd35c3cb61c372,primary_flag_v1,team,Turkey W,https://flagcdn.com/w320/tr.png,https://flagcdn.com/w320/tr.png,data/assets/approved/appr_dd35c3cb61c372.png,data/assets/approved/appr_dd35c3cb61c372.png,auto_approved_by_hsd_aggressive_policy,HSD aggressive asset policy with v1.2 exact-entity and fallback guard,2026-06-09T00:54:20.154846+00:00,HSD social graphics,"Auto-approved only after exact-match, fallback, and entity-cleanup guard."
appr_49824984287991,ast_49824984287991,primary_flag_v1,team,USA W,https://flagcdn.com/w320/us.png,https://flagcdn.com/w320/us.png,data/assets/approved/appr_49824984287991.png,data/assets/approved/appr_49824984287991.png,auto_approved_by_hsd_aggressive_policy,HSD aggressive asset policy with v1.2 exact-entity and fallback guard,2026-06-09T00:54:20.154848+00:00,HSD social graphics,"Auto-approved only after exact-match, fallback, and entity-cleanup guard."
